{
  "scaler_mean": [
    4.488137304391722,
    0.491670873296315,
    3.9742554265522463,
    3.0297829379101464,
    0.491670873296315,
    6.270065623422514,
    3.6108026249369005
  ],
  "scaler_scale": [
    3.5037278212581615,
    0.49993062083488715,
    2.912287241093541,
    2.267702563173657,
    0.49993062083488715,
    4.308199506067848,
    2.9473701540098993
  ],
  "feature_columns": [
    "Time_spent_Alone",
    "Stage_fear",
    "Social_event_attendance",
    "Going_outside",
    "Drained_after_socializing",
    "Friends_circle_size",
    "Post_frequency"
  ],
  "label_encoders": {
    "Stage_fear": {
      "No": 0,
      "Yes": 1
    },
    "Drained_after_socializing": {
      "No": 0,
      "Yes": 1
    },
    "Personality": {
      "Extrovert": 0,
      "Introvert": 1
    }
  }
}